noreply@heanlab.com,54933@etu.he2b.be,Commande Ex-press Dry Clean,hean hean,command_validation
noreply@heanlab.com,54933@etu.he2b.be,Commande Ex-press Dry Clean,hean hean,command_validation
noreply@heanlab.com,jhabaa@etu.he2b.be,Inscription Ex-press Dry Clean,hugo lafoie,inscription
noreply@heanlab.com,jhubert@heanlab.com,Inscription Ex-press Dry Clean,hean hean,inscription
noreply@heanlab.com,jhubert@heanlab.com,Inscription Ex-press Dry Clean,test1 test1,inscription
noreply@heanlab.com,jhubert@heanlab.com,Commande Ex-press Dry Clean,test1 test1,command_validation
noreply@heanlab.com,jhubert@heanlab.com,Commande Ex-press Dry Clean,test1 test1,command_validation
noreply@heanlab.com,jhubertmillenium@gmail.com,Inscription Ex-press Dry Clean,test3 test3,inscription
noreply@heanlab.com,jhubertmillenium@gmail.com,Inscription Ex-press Dry Clean,test4 hasard,inscription
noreply@heanlab.com,jhubertmillenium@gmail.com,Inscription Ex-press Dry Clean,test5 hasard,inscription
noreply@heanlab.com,jhubertmillenium@gmail.com,Inscription Ex-press Dry Clean,test6 hqsard,inscription
noreply@heanlab.com,jhubertmillenium@gmail.com,Inscription Ex-press Dry Clean,Test 12,inscription
noreply@heanlab.com,jhubertmillenium@gmail.com,Inscription Ex-press Dry Clean,Test 20,inscription
noreply@heanlab.com,jhubertmillenium@gmail.com,Inscription Ex-press Dry Clean,test 7,inscription
noreply@heanlab.com,jhubertmillenium@gmail.com,Inscription Ex-press Dry Clean,test 9,inscription
noreply@heanlab.com,jhubertmillenium@gmail.com,Inscription Ex-press Dry Clean,Test 21,inscription
noreply@heanlab.com,jhubertmillenium@gmail.com,Inscription Ex-press Dry Clean,Test 22,inscription
noreply@heanlab.com,jhubertmillenium@gmail.com,Inscription Ex-press Dry Clean,Test23 test,inscription
noreply@heanlab.com,jhubertmillenium@gmail.com,Inscription Ex-press Dry Clean,Test 24,inscription
noreply@heanlab.com,jhubertmillenium@gmail.com,Inscription Ex-press Dry Clean,Test25 25,inscription
noreply@heanlab.com,jhubertmillenium@gmail.com,Inscription Ex-press Dry Clean,Test26 26,inscription
noreply@heanlab.com,jhubertmillenium@gmail.com,Inscription Ex-press Dry Clean,Test28 28,inscription
noreply@heanlab.com,jhubertmillenium@gmail.com,Commande Ex-press Dry Clean,Test28 28,command_validation
noreply@heanlab.com,jhubertmillenium@gmail.com,Inscription Ex-press Dry Clean,Hean hean,inscription
noreply@heanlab.com,jhubertmillenium@gmail.com,Inscription Ex-press Dry Clean,Test41 ,inscription
noreply@heanlab.com,jhubertmillenium@gmail.com,Inscription Ex-press Dry Clean,Hean2000 test,inscription
noreply@heanlab.com,jhubertmillenium@gmail.com,Inscription Ex-press Dry Clean,Test2000 prenom,inscription
noreply@heanlab.com,jhubert@heanlab.com,Commande Ex-press Dry Clean,Hean Le Villageois,command_validation
noreply@heanlab.com,jhubert@heanlab.com,Commande Ex-press Dry Clean,Hean Le Villageois,command_validation
noreply@heanlab.com,jhubert@heanlab.com,Commande Ex-press Dry Clean,Hean Le Villageois,command_validation
noreply@heanlab.com,jhubert@heanlab.com,Commande Ex-press Dry Clean,Hean Le Villageois,command_validation
noreply@heanlab.com,jhubert@heanlab.com,Commande Ex-press Dry Clean,Hean Le Villageois,command_validation
noreply@heanlab.com,jhubert@heanlab.com,Commande Ex-press Dry Clean,Hean Le Villageois,command_validation
noreply@heanlab.com,jhubert@heanlab.com,Commande Ex-press Dry Clean,Hean Le Villageois,command_validation
noreply@heanlab.com,jhubertmillenium@gmail.com,Inscription Ex-press Dry Clean,testt testt,inscription
noreply@heanlab.com,jhubertmillenium@gmail.com,Commande Ex-press Dry Clean,Hean2000 test,command_validation
noreply@heanlab.com,jhubert@heanlab.com,Commande Ex-press Dry Clean,Hean Le Villageois,command_validation
noreply@heanlab.com,jhubert@heanlab.com,Commande Ex-press Dry Clean,Hean Le Villageois,command_validation
noreply@heanlab.com,jhabaa@heanlab.com,Inscription Ex-press Dry Clean,John Doe,inscription
noreply@heanlab.com,jhabaa@heanlab.com,Commande Ex-press Dry Clean,John Doe,command_validation
noreply@heanlab.com,jhubertmillenium@gmail.com,Mot de passe Ex-press Dry Clean,test3 test3,passwordReset
noreply@heanlab.com,jhabaa@heanlab.com,Inscription Ex-press Dry Clean,Salvatore Daemon,inscription
noreply@heanlab.com,jhabaa@heanlab.com,Commande Ex-press Dry Clean,Salvatore Daemon,command_validation
noreply@heanlab.com,jhubertmillenium@gmail.com,Inscription Ex-press Dry Clean,beta 0000,inscription
noreply@heanlab.com,john@example.com,Commande Ex-press Dry Clean,John Doe,command_validation
noreply@heanlab.com,jhubertmillenium@gmail.com,Inscription Ex-press Dry Clean,b'Serena William\xe2\x80\x99s ',inscription
noreply@heanlab.com,jhubertmillenium@gmail.com,Inscription Ex-press Dry Clean,b'Hean3000 test',inscription
noreply@heanlab.com,jhubertmillenium@gmail.com,Inscription Ex-press Dry Clean,b'Hean4000 0000',inscription
noreply@heanlab.com,jhabaa@heanlab.com,Commande Ex-press Dry Clean,b'Salvatore Daemon',command_validation
noreply@heanlab.com,john@example.com,Commande Ex-press Dry Clean,b'John Doe',command_validation
noreply@heanlab.com,jhabaa@heanlab.com,Commande Ex-press Dry Clean,b'John Doe',command_validation
noreply@heanlab.com,jhubertmillenium@gmail.com,Inscription Ex-press Dry Clean,b'Aba\xe2\x80\x99a Jean-Hubert',inscription
noreply@heanlab.com,johndglover@rhyta.com,Inscription Ex-press Dry Clean,b'Glover John D.',inscription
noreply@heanlab.com,johndglover@rhyta.com,Commande Ex-press Dry Clean,b'Glover John D.',command_validation
noreply@heanlab.com,jhabaa@heanlab.com,Commande Ex-press Dry Clean,b'John Doe',command_validation
noreply@heanlab.com,jhabaa@heanlab.com,Commande Ex-press Dry Clean,b'John Doe',command_validation
noreply@heanlab.com,jhabaa@heanlab.com,Commande Ex-press Dry Clean,b'John Doe',command_validation
noreply@heanlab.com,jhabaa@heanlab.com,Commande Ex-press Dry Clean,b'John Doe',command_validation
noreply@heanlab.com,astolphoprovencher@rhyta.com,Inscription Ex-press Dry Clean,b'Provencher Astolpho',inscription
noreply@heanlab.com,astolphoprovencher@rhyta.com,Commande Ex-press Dry Clean,b'Provencher Astolpho',command_validation
noreply@heanlab.com,astolphoprovencher@rhyta.com,Commande Ex-press Dry Clean,b'Provencher Astolpho',command_validation
noreply@heanlab.com,jhabaa@heanlab.com,Commande Ex-press Dry Clean,b'John Doe',command_validation
noreply@heanlab.com,jhabaa@heanlab.com,Commande Ex-press Dry Clean,b'John Doe',command_validation
noreply@heanlab.com,jhabaa@heanlab.com,Commande Ex-press Dry Clean,b'John Doe',command_validation
noreply@heanlab.com,jhubertmillenium@gmail.com,Inscription Ex-press Dry Clean,b'Berie Xarles',inscription
noreply@heanlab.com,nicola.marra@expressdryclean.be,Inscription Ex-press Dry Clean,b'nicola marra',inscription
noreply@heanlab.com,nicola.marra@expressdryclean.be,Inscription Ex-press Dry Clean,b'nicola marra',inscription
noreply@heanlab.com,jhubertmillenium@gmail.com,Inscription Ex-press Dry Clean,b'Ruget Damien',inscription
noreply@heanlab.com,jhabaa@heanlab.com,Commande Ex-press Dry Clean,b'Salvatore Daemon',command_validation
noreply@heanlab.com,jhabaa@heanlab.com,Commande Ex-press Dry Clean,b'Salvatore Daemon',command_validation
noreply@heanlab.com,info@maison-saintpaul.com,Inscription Ex-press Dry Clean,b'ultime ',inscription
noreply@heanlab.com,john@example.com,Mot de passe Ex-press Dry Clean,b'John Doe',passwordReset
noreply@heanlab.com,ee@er.com,Inscription Ex-press Dry Clean,b'Dwjdws ',inscription
noreply@heanlab.com,jhubertmillenium@gmail.com,Inscription Ex-press Dry Clean,b'testing ',inscription
noreply@heanlab.com,jhubertmillenium@gmail.com,Inscription Ex-press Dry Clean,b'hello ',inscription
noreply@heanlab.com,jhubertmillenium@gmail.com,Commande Ex-press Dry Clean,b'Hean hean',command_validation
noreply@heanlab.com,jhubertabaa@yahoo.com,Inscription Ex-press Dry Clean,b'testi ',inscription
noreply@heanlab.com,jhubertmillenium@gmail.com,Commande Ex-press Dry Clean,b'Hean hean',command_validation
noreply@heanlab.com,jhubertmillenium@gmail.com,Commande Ex-press Dry Clean,b'Hean hean',command_validation
noreply@heanlab.com,rt@te.co,Inscription Ex-press Dry Clean,b'encoree',inscription
noreply@heanlab.com,jhubertmillenium@gmail.com,Commande Ex-press Dry Clean,b'Hean hean',command_validation
noreply@heanlab.com,jhubertmillenium@gmail.com,Commande Ex-press Dry Clean,b'Hean hean',command_validation
noreply@heanlab.com,astolphoprovencher@rhyta.com,Commande Ex-press Dry Clean,b'Provencher Astolpho',command_validation
noreply@heanlab.com,jhabaa@heanlab.com,Commande Ex-press Dry Clean,b'John Doe',command_validation
noreply@heanlab.com,info@expressdryclean.be,Message de sdcsdcsdcsdc,b'sdcsdc',contact_toadmin
noreply@heanlab.com,info@expressdryclean.be,Message de hean2000,b'hean',contact_toadmin
noreply@heanlab.com,jhubertminnelnium@gmail.com,Message envoyé,b'hean',contact_touser
noreply@heanlab.com,info@expressdryclean.be,Message de hean2000,b'hean',contact_toadmin
noreply@heanlab.com,jhubertminnelnium@gmail.com,Message envoyé,b'hean',contact_touser
noreply@heanlab.com,info@expressdryclean.be,Message de tetehghehe,b'tete',contact_toadmin
noreply@heanlab.com,jhubertmillenium@gmail.com,Message envoyé,b'tete',contact_touser
noreply@heanlab.com,nicola.marra@expressdryclean.be,Message de Jean-HubertHean,b'Jean-Hubert',contact_toadmin
noreply@heanlab.com,jhubert@heanlab.com,Message envoyé,b'Jean-Hubert',contact_touser
